1 ahmed@gmail.com Ahmed_wahdan 123 male 2022-02-01
2 mohamedh2910@gmail.com Mohamed_Hussein 123 male 2022-02-01
3 mahmoud@gmail.com Mohamed_Mahmoud 123 male 2022-02-01
4 mona@gmail.com Mona_Usama 131 female 2022-02-01
5 salma@gmail.com Salma_Mahmoud 123 female 2022-02-01
6 Hossam@gmail.com Mohamed_Hossam 123456789 Male 2003-12-12
